{"single": 50, "double": [48, 48, 48, 48], "Q00": 4885000000.0, "Q01": 4955000000.0, "Q02": 4987000000.0, "Q03": 4995000000.0, "Q04": 4816000000.0, "Q05": 4450000000.0, "Q06": 4937000000.0, "Q07": 4851200000.0, "Q08": 4907000000.0, "Q09": 5037000000.0, "Q10": 4867000000.0, "Q11": 4743000000.0, "Q12": 4824000000.0, "Q13": 4874000000.0, "Q14": 4945000000.0, "Q15": 4903000000.0, "Q16": 4807000000.0, "Q17": 4460000000.0, "Q18": 4854000000.0, "Q19": 4976000000.0, "Q20": 5005000000.0, "Q21": 4816000000.0, "Q22": 3999000000.0, "Q23": 4771000000.0, "Q24": 4886000000.0, "Q25": 5035000000.0, "Q26": 4941000000.0, "Q27": 4760000000.0, "Q28": 4849000000.0, "Q29": 4962000000.0, "Q30": 4988000000.0, "Q31": 4914000000.0, "Q32": 4839000000.0, "Q33": 4805000000.0, "Q34": 4785000000.0, "Q35": 4902000000.0, "Q36": 5016000000.0, "Q37": 4941000000.0, "Q38": 4786000000.0, "Q39": 4893000000.0, "Q40": 4969100000.0, "Q41": 5030000000.0, "Q42": 4932000000.0, "Q43": 4857000000.0, "Q44": 4801000000.0, "Q45": 4826000000.0, "Q46": 4995000000.0, "Q47": 4881000000.0, "Q48": 5031000000.0, "Q49": 4926000000.0, "Q50": 4858000000.0, "Q51": 4935000000.0, "Q52": 4846000000.0, "Q53": 4969000000.0, "Q54": 5062000000.0, "Q55": 4887000000.0, "Q56": 5021000000.0, "Q57": 5007000000.0, "Q58": 5042000000.0, "Q59": 4906000000.0, "Q60": 4997000000.0, "Q61": 4926000000.0, "Q62": 5052000000.0, "Q63": 5070000000.0, "Q64": 4945200000.0, "G0600": [1.554813318184734, 0.17115033852711423, 2.057718506270753, 4.621337419008205, -3.622699867527171, 48.0, 0, 0, 0], "G0701": [1.617587522124445, 0.1864674211507345, 3.801346051288009, 0.7468647862650942, 20.382326278020447, 48.0, 0, 0, 0], "G0802": [1.6149689381890016, 0.17359160412568936, 0.6576320022963575, -0.46700043469826036, 16.02648434541068, 48.0, 0, 0, 0], "G1409": [1.6223226842474594, 0.19366983967877338, 0.7456684719295718, 5.239552343923718, 15.412233915417373, 48.0, 0, 0, 0], "G1812": [1.487436780299362, 0.1901629928713372, 2.7622818688712103, 0.7799723106673981, 0.5487215280234463, 48.0, 0, 0, 0], "G1913": [1.6435048323564838, 0.18558129929929135, 5.1261200911116305, 3.0307240415075145, -15.50596306315381, 48.0, 0, 0, 0], "G2115": [1.522321796326267, 0.17374701010935806, 1.9118235921772073, -0.0445304666894182, 15.172998760987877, 48.0, 0, 0, 0], "G2520": [1.4540653938517085, 0.22434005431948767, 0.7711883138106613, 4.178956337386217, -2.2020831678070127, 48.0, 0, 0, 0], "G3024": [1.693964406393222, 0.2023570223687558, 2.741447788247532, 5.4129908564599525, -15.8985196255535, 48.0, 0, 0, 0], "G3226": [1.534805978898251, 0.19239629837023348, 2.0098807636851506, 3.4871251766553764, 22.086886208376526, 48.0, 0, 0, 0], "G3327": [1.5246514054446156, 0.19667887844266857, 5.130342472876328, 3.449011780232967, -1.825749119305271, 48.0, 0, 0, 0], "G3428": [1.6187235383224703, 0.17148872209725452, 2.9578541073047164, 4.971663832211158, 15.937400887405264, 48.0, 0, 0, 0], "G3631": [1.5986250064534524, 0.18174274478336852, 3.904029593208312, 1.7241686687062316, -13.034921683277531, 48.0, 0, 0, 0], "G4035": [1.5220985013756725, 0.184012906984792, 0.2606044020832379, 5.076304986459901, -7.326531695187306, 48.0, 0, 0, 0], "G4337": [1.7513157451775414, 0.21349263240127236, 1.2430973792188236, 5.546245972391095, 13.851566420270323, 48.0, 0, 0, 0], "G4438": [1.4854398807881286, 0.18380798829990325, 6.018959450154913, 5.267453304042174, -1.7492463014601134, 48.0, 0, 0, 0], "G4539": [1.5212079099576656, 0.18990553538105204, 0.6246777594572306, 5.216168429439259, 13.335576876116136, 48.0, 0, 0, 0], "G4741": [1.5362247756777083, 0.17678685482749415, 4.025681792249035, 3.279835198778902, 27.728358466018705, 48.0, 0, 0, 0], "G5146": [1.4665796614666204, 0.1740392157855674, 0.740910911798692, 0.8241596997794423, 9.651568516627965, 48.0, 0, 0, 0], "G5448": [1.538906169993279, 0.1944704722644174, 2.261364019464514, 0.5230613358488725, -4.3532408777851455, 48.0, 0, 0, 0], "G5549": [1.604351708814667, 0.1946733890860295, 0.20080924995457664, 2.6009619069277754, 7.292222794436083, 48.0, 0, 0, 0], "G5650": [1.6610458128616306, 0.1854491152072365, 1.0379817547595889, 7.471721955965009, -24.59038425687952, 48.0, 0, 0, 0], "G5852": [1.600902979819916, 0.1762463689438183, 3.043918310189749, 4.716194365783786, -26.425076799581678, 48.0, 0, 0, 0], "G5953": [1.6499870045085605, 0.1454577740724893, 2.053590321606599, 1.8453049209620753, 12.140317385445451, 48.0, 0, 0, 0], "G6257": [1.606815321001305, 0.18446359539534987, 2.8906115702015356, 2.9455250398224235, -5.602647830900298, 48.0, 0, 0, 0], "G0903": [1.5418050861783477, 0.17421270774349393, 2.704501058368248, 0.24853609331538176, -5.110136445972888, 48.0, 0, 0, 0], "G1207": [1.6221173243049871, 0.17375092175007928, 0.7563148627969938, 5.852502350446331, 5.076165840728044, 48.0, 0, 0, 0], "G1308": [1.611488102919184, 0.19120833380586139, 0.378782506802781, 5.808328931908534, 7.53684698670138, 48.0, 0, 0, 0], "G1510": [1.6198933653293974, 0.18150295286580212, 0.9093116821329097, 3.671267744051753, -4.353509448241428, 48.0, 0, 0, 0], "G2014": [1.6627224340346989, 0.15195652678065327, 3.4772494421605797, 4.695941090812999, -7.829903585220507, 48.0, 0, 0, 0], "G2419": [1.5518347896233031, 0.16812426032413502, 3.8860285707457862, 2.7249170602248425, 15.306203643644007, 48.0, 0, 0, 0], "G2621": [1.6593234001518593, 0.19084934293654326, 0.23473098985299562, 0.4390405320688908, -18.766055230478035, 48.0, 0, 0, 0], "G2823": [1.5186341420556513, 0.15661128652423423, 3.9944679418440208, 7.141688785630099, -9.332417230251083, 48.0, 0, 0, 0], "G3125": [1.595996625111896, 0.16817129713493012, 5.365486477765819, 2.513364818250702, 20.129351019137452, 48.0, 0, 0, 0], "G3529": [1.5810917433275087, 0.16177875932077235, 5.57039034859706, 4.40037883355617, 11.319724088163634, 48.0, 0, 0, 0], "G3732": [1.5503663504476375, 0.18521899710000794, 2.866390678615174, 5.8183020962126495, -14.764938180712551, 48.0, 0, 0, 0], "G3833": [1.5889390519909448, 0.16444211959926386, 3.971950566871788, 3.9080230777914884, 6.568043249563767, 48.0, 0, 0, 0], "G3934": [1.6158999744517097, 0.1813657503335077, 4.651116049108049, 4.725972612246377, -12.607124496514485, 48.0, 0, 0, 0], "G4236": [1.6624282526646224, 0.21322095657106724, 2.2866980864526267, 5.936971083603144, 18.65045299369659, 48.0, 0, 0, 0], "G4640": [1.6104854616409967, 0.18994748060348987, 1.4028154705615852, 0.7160068505360206, -0.6528360413757246, 48.0, 0, 0, 0], "G4843": [1.5392032062221053, 0.19861239813832426, 2.788215968181282, 0.4070288692346923, -27.195704249916314, 48.0, 0, 0, 0], "G4944": [1.5095981849509559, 0.20200039182538715, 5.940887890855908, 0.6536681647769909, -13.766520778793266, 48.0, 0, 0, 0], "G5045": [1.6650386357289793, 0.19711690533502987, 5.4294358536623815, 0.5696768149295272, -3.872093980184076, 48.0, 0, 0, 0], "G5247": [1.6213816814338031, 0.18739012175119282, 1.9102838360681291, 2.8846164185712007, 5.66038939271846, 48.0, 0, 0, 0], "G5751": [1.499480188417732, 0.1812224014276746, 2.37289106045266, 1.2211766274540246, -8.858714986650917, 48.0, 0, 0, 0], "G6055": [1.6186228896198394, 0.18864356234044033, 3.669523868003675, 1.9493164784311823, -14.707909025188851, 48.0, 0, 0, 0], "G6156": [1.5995999157536334, 0.15554307060899167, 4.912937943663016, 0.7372204778546094, 19.952330376787565, 48.0, 0, 0, 0], "G6358": [1.6103105200761645, 0.17638372672372618, 2.0695729689674316, 4.4949771769760645, -4.209467051136729, 48.0, 0, 0, 0], "G6459": [1.518064567090477, 0.1683076185926264, 5.95766804669132, 3.232221715947918, -5.777180222119155, 48.0, 0, 0, 0], "G0801": [1.5111000218423718, 0.18851668908741537, 4.836132603660779, 2.8661710310990633, 12.75750675840742, 48.0, 0, 0, 0], "G1206": [1.6147525071957927, 0.20538204177345148, 0.8656208258594706, 4.696888319035786, 19.65142230247634, 48.0, 0, 0, 0], "G1307": [1.6257201104909433, 0.19526325413381526, 0.9034369828492252, -1.6518103146696423, -0.8200494872938893, 48.0, 0, 0, 0],